[{"model": "admin.logentry", "pk": 1, "fields": {"action_time": "2020-09-24T09:23:29.030Z", "user": 1, "content_type": 7, "object_id": "1", "object_repr": "Kapitel 1", "action_flag": 1, "change_message": "[{\"added\": {}}]"}}, {"model": "admin.logentry", "pk": 2, "fields": {"action_time": "2020-09-24T09:23:42.956Z", "user": 1, "content_type": 7, "object_id": "2", "object_repr": "Kapitel 2", "action_flag": 1, "change_message": "[{\"added\": {}}]"}}, {"model": "admin.logentry", "pk": 3, "fields": {"action_time": "2020-09-24T09:23:53.711Z", "user": 1, "content_type": 7, "object_id": "3", "object_repr": "Kapitel 3", "action_flag": 1, "change_message": "[{\"added\": {}}]"}}, {"model": "admin.logentry", "pk": 4, "fields": {"action_time": "2020-09-24T15:42:01.537Z", "user": 1, "content_type": 8, "object_id": "1", "object_repr": "Kapitel 4: TextL = TEXT_L; TextR = TEXT_R; Status = 0;", "action_flag": 1, "change_message": "[{\"added\": {}}]"}}, {"model": "admin.logentry", "pk": 5, "fields": {"action_time": "2020-09-24T15:43:58.966Z", "user": 1, "content_type": 8, "object_id": "2", "object_repr": "Kapitel 25: TextL = TEXT_L allgemein; TextR = TEXT_R allgemein; Status = 0;", "action_flag": 1, "change_message": "[{\"added\": {}}]"}}, {"model": "admin.logentry", "pk": 6, "fields": {"action_time": "2020-09-24T15:44:55.454Z", "user": 1, "content_type": 8, "object_id": "3", "object_repr": "Kapitel 25: TextL = TextL ljdflödf lsdjf öljdsfö lösadf löjsdf ölkjasdölf jölasdjf ölajsd följas öldfj löasdjf löasjd fl; TextR = TextR aslfdjjljklll llll lllllll l l ll l l lldfjglsjdfgölsdjf glsdfgl", "action_flag": 1, "change_message": "[{\"added\": {}}]"}}, {"model": "admin.logentry", "pk": 7, "fields": {"action_time": "2020-10-04T16:00:17.025Z", "user": 1, "content_type": 8, "object_id": "4", "object_repr": "Kapitel 25: TextL = TEXT_L allgemein; TextR = TEXT_R; Status = 0; ID=4,", "action_flag": 1, "change_message": "[{\"added\": {}}]"}}, {"model": "admin.logentry", "pk": 8, "fields": {"action_time": "2020-10-04T16:00:58.110Z", "user": 1, "content_type": 8, "object_id": "5", "object_repr": "Kapitel 25: TextL = TEXT_L; TextR = Text_R Verdauung; Status = 0; ID=5,", "action_flag": 1, "change_message": "[{\"added\": {}}]"}}, {"model": "admin.logentry", "pk": 9, "fields": {"action_time": "2020-10-18T15:21:27.449Z", "user": 1, "content_type": 9, "object_id": "1", "object_repr": "pairAskedID = 0: textAnswered = blablabal; callType = 0; lr = L;", "action_flag": 1, "change_message": "[{\"added\": {}}]"}}, {"model": "admin.logentry", "pk": 10, "fields": {"action_time": "2020-10-25T10:11:35.586Z", "user": 1, "content_type": 4, "object_id": "2", "object_repr": "margareteU", "action_flag": 1, "change_message": "[{\"added\": {}}]"}}, {"model": "admin.logentry", "pk": 11, "fields": {"action_time": "2020-10-25T10:12:33.361Z", "user": 1, "content_type": 4, "object_id": "2", "object_repr": "margareteU", "action_flag": 2, "change_message": "[{\"changed\": {\"fields\": [\"First name\", \"Last name\", \"Email address\", \"Staff status\"]}}]"}}, {"model": "admin.logentry", "pk": 12, "fields": {"action_time": "2020-10-25T10:12:43.934Z", "user": 1, "content_type": 4, "object_id": "2", "object_repr": "margareteU", "action_flag": 2, "change_message": "[]"}}, {"model": "admin.logentry", "pk": 13, "fields": {"action_time": "2020-10-28T13:52:58.049Z", "user": 1, "content_type": 4, "object_id": "2", "object_repr": "margarete", "action_flag": 2, "change_message": "[{\"changed\": {\"fields\": [\"Username\", \"User permissions\"]}}]"}}, {"model": "auth.permission", "pk": 1, "fields": {"name": "Can add log entry", "content_type": 1, "codename": "add_logentry"}}, {"model": "auth.permission", "pk": 2, "fields": {"name": "Can change log entry", "content_type": 1, "codename": "change_logentry"}}, {"model": "auth.permission", "pk": 3, "fields": {"name": "Can delete log entry", "content_type": 1, "codename": "delete_logentry"}}, {"model": "auth.permission", "pk": 4, "fields": {"name": "Can view log entry", "content_type": 1, "codename": "view_logentry"}}, {"model": "auth.permission", "pk": 5, "fields": {"name": "Can add permission", "content_type": 2, "codename": "add_permission"}}, {"model": "auth.permission", "pk": 6, "fields": {"name": "Can change permission", "content_type": 2, "codename": "change_permission"}}, {"model": "auth.permission", "pk": 7, "fields": {"name": "Can delete permission", "content_type": 2, "codename": "delete_permission"}}, {"model": "auth.permission", "pk": 8, "fields": {"name": "Can view permission", "content_type": 2, "codename": "view_permission"}}, {"model": "auth.permission", "pk": 9, "fields": {"name": "Can add group", "content_type": 3, "codename": "add_group"}}, {"model": "auth.permission", "pk": 10, "fields": {"name": "Can change group", "content_type": 3, "codename": "change_group"}}, {"model": "auth.permission", "pk": 11, "fields": {"name": "Can delete group", "content_type": 3, "codename": "delete_group"}}, {"model": "auth.permission", "pk": 12, "fields": {"name": "Can view group", "content_type": 3, "codename": "view_group"}}, {"model": "auth.permission", "pk": 13, "fields": {"name": "Can add user", "content_type": 4, "codename": "add_user"}}, {"model": "auth.permission", "pk": 14, "fields": {"name": "Can change user", "content_type": 4, "codename": "change_user"}}, {"model": "auth.permission", "pk": 15, "fields": {"name": "Can delete user", "content_type": 4, "codename": "delete_user"}}, {"model": "auth.permission", "pk": 16, "fields": {"name": "Can view user", "content_type": 4, "codename": "view_user"}}, {"model": "auth.permission", "pk": 17, "fields": {"name": "Can add content type", "content_type": 5, "codename": "add_contenttype"}}, {"model": "auth.permission", "pk": 18, "fields": {"name": "Can change content type", "content_type": 5, "codename": "change_contenttype"}}, {"model": "auth.permission", "pk": 19, "fields": {"name": "Can delete content type", "content_type": 5, "codename": "delete_contenttype"}}, {"model": "auth.permission", "pk": 20, "fields": {"name": "Can view content type", "content_type": 5, "codename": "view_contenttype"}}, {"model": "auth.permission", "pk": 21, "fields": {"name": "Can add session", "content_type": 6, "codename": "add_session"}}, {"model": "auth.permission", "pk": 22, "fields": {"name": "Can change session", "content_type": 6, "codename": "change_session"}}, {"model": "auth.permission", "pk": 23, "fields": {"name": "Can delete session", "content_type": 6, "codename": "delete_session"}}, {"model": "auth.permission", "pk": 24, "fields": {"name": "Can view session", "content_type": 6, "codename": "view_session"}}, {"model": "auth.permission", "pk": 25, "fields": {"name": "Can add chap", "content_type": 7, "codename": "add_chap"}}, {"model": "auth.permission", "pk": 26, "fields": {"name": "Can change chap", "content_type": 7, "codename": "change_chap"}}, {"model": "auth.permission", "pk": 27, "fields": {"name": "Can delete chap", "content_type": 7, "codename": "delete_chap"}}, {"model": "auth.permission", "pk": 28, "fields": {"name": "Can view chap", "content_type": 7, "codename": "view_chap"}}, {"model": "auth.permission", "pk": 29, "fields": {"name": "Can add pair", "content_type": 8, "codename": "add_pair"}}, {"model": "auth.permission", "pk": 30, "fields": {"name": "Can change pair", "content_type": 8, "codename": "change_pair"}}, {"model": "auth.permission", "pk": 31, "fields": {"name": "Can delete pair", "content_type": 8, "codename": "delete_pair"}}, {"model": "auth.permission", "pk": 32, "fields": {"name": "Can view pair", "content_type": 8, "codename": "view_pair"}}, {"model": "auth.permission", "pk": 33, "fields": {"name": "Can add call", "content_type": 9, "codename": "add_call"}}, {"model": "auth.permission", "pk": 34, "fields": {"name": "Can change call", "content_type": 9, "codename": "change_call"}}, {"model": "auth.permission", "pk": 35, "fields": {"name": "Can delete call", "content_type": 9, "codename": "delete_call"}}, {"model": "auth.permission", "pk": 36, "fields": {"name": "Can view call", "content_type": 9, "codename": "view_call"}}, {"model": "auth.permission", "pk": 37, "fields": {"name": "Can add i chap", "content_type": 10, "codename": "add_ichap"}}, {"model": "auth.permission", "pk": 38, "fields": {"name": "Can change i chap", "content_type": 10, "codename": "change_ichap"}}, {"model": "auth.permission", "pk": 39, "fields": {"name": "Can delete i chap", "content_type": 10, "codename": "delete_ichap"}}, {"model": "auth.permission", "pk": 40, "fields": {"name": "Can view i chap", "content_type": 10, "codename": "view_ichap"}}, {"model": "auth.permission", "pk": 41, "fields": {"name": "Can add i pair", "content_type": 11, "codename": "add_ipair"}}, {"model": "auth.permission", "pk": 42, "fields": {"name": "Can change i pair", "content_type": 11, "codename": "change_ipair"}}, {"model": "auth.permission", "pk": 43, "fields": {"name": "Can delete i pair", "content_type": 11, "codename": "delete_ipair"}}, {"model": "auth.permission", "pk": 44, "fields": {"name": "Can view i pair", "content_type": 11, "codename": "view_ipair"}}, {"model": "auth.user", "pk": 1, "fields": {"password": "pbkdf2_sha256$216000$BTOjhnnJ9tpr$OqtAOG/lZS2Q1Fsr3JIWs/rgGyulMIBg8S2hkizlwr0=", "last_login": "2020-10-28T13:51:29.845Z", "is_superuser": true, "username": "robin", "first_name": "", "last_name": "", "email": "monika@rauner.de", "is_staff": true, "is_active": true, "date_joined": "2020-09-24T09:20:18.736Z", "groups": [], "user_permissions": []}}, {"model": "auth.user", "pk": 2, "fields": {"password": "pbkdf2_sha256$216000$H0vDuvM0MeQT$3/0GGBRMxIfuYWrWGaf5ghTnreke/CVccGZ4ucvy58M=", "last_login": "2020-10-28T13:53:23.930Z", "is_superuser": false, "username": "margarete", "first_name": "Margarete", "last_name": "Ullmann", "email": "maggi@ullmann.co", "is_staff": true, "is_active": true, "date_joined": "2020-10-25T10:11:35Z", "groups": [], "user_permissions": [33, 34, 35, 36, 25, 26, 27, 28, 29, 30, 31, 32]}}, {"model": "contenttypes.contenttype", "pk": 1, "fields": {"app_label": "admin", "model": "logentry"}}, {"model": "contenttypes.contenttype", "pk": 2, "fields": {"app_label": "auth", "model": "permission"}}, {"model": "contenttypes.contenttype", "pk": 3, "fields": {"app_label": "auth", "model": "group"}}, {"model": "contenttypes.contenttype", "pk": 4, "fields": {"app_label": "auth", "model": "user"}}, {"model": "contenttypes.contenttype", "pk": 5, "fields": {"app_label": "contenttypes", "model": "contenttype"}}, {"model": "contenttypes.contenttype", "pk": 6, "fields": {"app_label": "sessions", "model": "session"}}, {"model": "contenttypes.contenttype", "pk": 7, "fields": {"app_label": "chaps", "model": "chap"}}, {"model": "contenttypes.contenttype", "pk": 8, "fields": {"app_label": "chaps", "model": "pair"}}, {"model": "contenttypes.contenttype", "pk": 9, "fields": {"app_label": "chaps", "model": "call"}}, {"model": "contenttypes.contenttype", "pk": 10, "fields": {"app_label": "chaps", "model": "ichap"}}, {"model": "contenttypes.contenttype", "pk": 11, "fields": {"app_label": "chaps", "model": "ipair"}}, {"model": "sessions.session", "pk": "9ld2xowai1x8dwdd5h5f8izd0f483noi", "fields": {"session_data": ".eJxVjEEOwiAQRe_C2pABSgsu3fcMZJihUjWQlHZlvLtt0oVu_3vvv0XAbc1ha2kJM4urUOLyu0WkZyoH4AeWe5VUy7rMUR6KPGmTY-X0up3u30HGlvfaxwlSp4AsJa0n0kqxAdczsRsGiwmIMPpojVHa2ah727FXYPaMGEB8vuzgN98:1kLNQl:afloQFDoVc-GeQsmDb5PWqKuPa8NSI9oNz8QeQQhW2A", "expire_date": "2020-10-08T09:20:47.202Z"}}, {"model": "sessions.session", "pk": "cjzvedmv5kf83dw9a7xsioh8uin2lfeh", "fields": {"session_data": ".eJxVjEEOwiAQRe_C2pABSgsu3fcMZJihUjWQlHZlvLtt0oVu_3vvv0XAbc1ha2kJM4urUOLyu0WkZyoH4AeWe5VUy7rMUR6KPGmTY-X0up3u30HGlvfaxwlSp4AsJa0n0kqxAdczsRsGiwmIMPpojVHa2ah727FXYPaMGEB8vuzgN98:1kQWpa:96KyVnngshT5MlU8buuuaVXhnOL_xv-piYj7paqS7lE", "expire_date": "2020-10-22T14:23:42.190Z"}}, {"model": "sessions.session", "pk": "kvvecl9gych3s7lj1byd2w1g11wvykdo", "fields": {"session_data": ".eJxVjDsOwyAQBe9CHSH-4JTpfQa0C0twEmHJ2FWUu0dILpL2zcx7swjHXuPRaYtLZlem2OV3Q0hPagPkB7T7ytPa9m1BPhR-0s7nNdPrdrp_BxV6HXWAIm1IAmxwqL0jLbREIy2BwaKCQuUnI0rJ0hZNPgmD0oeJhHSgLft8AdsON2g:1kXltD:Ts9ZTknUCajL83Uvyp6oQVcplm5eLnTqSa1D6MaMepI", "expire_date": "2020-11-11T13:53:23.932Z"}}, {"model": "chaps.chap", "pk": 4, "fields": {"author": 1, "name": "Kapitel 256", "sum1": 2, "sum2": 1, "lr": "R", "rs": "s", "toCallNum0": 4}}, {"model": "chaps.chap", "pk": 5, "fields": {"author": 1, "name": "Kapitel 4", "sum1": 1, "sum2": 1, "lr": "L", "rs": "s", "toCallNum0": 2}}, {"model": "chaps.chap", "pk": 8, "fields": {"author": 1, "name": "Kapitel 1", "sum1": 0, "sum2": 0, "lr": "L", "rs": "r", "toCallNum0": 0}}, {"model": "chaps.chap", "pk": 11, "fields": {"author": 1, "name": "Verdauung", "sum1": 0, "sum2": 0, "lr": "L", "rs": "r", "toCallNum0": 0}}, {"model": "chaps.chap", "pk": 12, "fields": {"author": 1, "name": "Ernährung", "sum1": 0, "sum2": 0, "lr": "L", "rs": "r", "toCallNum0": 0}}, {"model": "chaps.chap", "pk": 20, "fields": {"author": 1, "name": "schönes Kapitel", "sum1": 0, "sum2": 0, "lr": "L", "rs": "s", "toCallNum0": 4}}, {"model": "chaps.chap", "pk": 22, "fields": {"author": 1, "name": "Darm", "sum1": 0, "sum2": 0, "lr": "L", "rs": "r", "toCallNum0": 0}}, {"model": "chaps.chap", "pk": 23, "fields": {"author": 1, "name": "Chapter", "sum1": 0, "sum2": 0, "lr": "L", "rs": "r", "toCallNum0": 0}}, {"model": "chaps.chap", "pk": 24, "fields": {"author": 1, "name": "Health", "sum1": 0, "sum2": 0, "lr": "L", "rs": "r", "toCallNum0": 0}}, {"model": "chaps.chap", "pk": 25, "fields": {"author": 1, "name": "Kappp", "sum1": 0, "sum2": 0, "lr": "L", "rs": "r", "toCallNum0": 0}}, {"model": "chaps.chap", "pk": 26, "fields": {"author": 1, "name": "Magen 3", "sum1": 0, "sum2": 0, "lr": "L", "rs": "r", "toCallNum0": 0}}, {"model": "chaps.chap", "pk": 28, "fields": {"author": 1, "name": "Kapitel 1234", "sum1": 0, "sum2": 0, "lr": "L", "rs": "r", "toCallNum0": 0}}, {"model": "chaps.chap", "pk": 36, "fields": {"author": 1, "name": "aSDASD", "sum1": 0, "sum2": 0, "lr": "L", "rs": "r", "toCallNum0": 0}}, {"model": "chaps.chap", "pk": 47, "fields": {"author": 2, "name": "LF 9-0", "sum1": 0, "sum2": 0, "lr": "L", "rs": "r", "toCallNum0": 0}}, {"model": "chaps.chap", "pk": 48, "fields": {"author": 2, "name": "LF 9-1", "sum1": 0, "sum2": 0, "lr": "L", "rs": "r", "toCallNum0": 0}}, {"model": "chaps.chap", "pk": 49, "fields": {"author": 2, "name": "LF 9-2", "sum1": 0, "sum2": 0, "lr": "L", "rs": "r", "toCallNum0": 0}}, {"model": "chaps.chap", "pk": 50, "fields": {"author": 2, "name": "LF 9-3", "sum1": 0, "sum2": 0, "lr": "L", "rs": "r", "toCallNum0": 0}}, {"model": "chaps.chap", "pk": 51, "fields": {"author": 2, "name": "LF 9-4", "sum1": 1, "sum2": 1, "lr": "L", "rs": "r", "toCallNum0": 0}}, {"model": "chaps.chap", "pk": 52, "fields": {"author": 2, "name": "LF 9-5", "sum1": 0, "sum2": 0, "lr": "L", "rs": "r", "toCallNum0": 0}}, {"model": "chaps.chap", "pk": 53, "fields": {"author": 2, "name": "LF 9-6", "sum1": 0, "sum2": 0, "lr": "L", "rs": "r", "toCallNum0": 0}}, {"model": "chaps.chap", "pk": 54, "fields": {"author": 2, "name": "LF 9-7", "sum1": 0, "sum2": 0, "lr": "L", "rs": "r", "toCallNum0": 0}}, {"model": "chaps.chap", "pk": 55, "fields": {"author": 2, "name": "LF 9-8", "sum1": 0, "sum2": 0, "lr": "L", "rs": "r", "toCallNum0": 0}}, {"model": "chaps.chap", "pk": 56, "fields": {"author": 2, "name": "LF 9-9", "sum1": 0, "sum2": 0, "lr": "L", "rs": "r", "toCallNum0": 0}}, {"model": "chaps.pair", "pk": 1, "fields": {"chap": 5, "textL": "TEXT_L allgemein neu", "textR": "TEXT_R allgemein neu", "status": 2}}, {"model": "chaps.pair", "pk": 5, "fields": {"chap": 4, "textL": "TEXT_L allgemein", "textR": "Text_R allgemein", "status": 0}}, {"model": "chaps.pair", "pk": 6, "fields": {"chap": 5, "textL": "gggggg", "textR": "ggggggg", "status": 0}}, {"model": "chaps.pair", "pk": 8, "fields": {"chap": 4, "textL": "Kap 256 links", "textR": "Kap 256 rechts", "status": 1}}, {"model": "chaps.pair", "pk": 9, "fields": {"chap": 4, "textL": "Links", "textR": "Rechts", "status": 2}}, {"model": "chaps.pair", "pk": 11, "fields": {"chap": 8, "textL": "dfgsdfg", "textR": "sdfgsdfgsdfg!!!!!", "status": 0}}, {"model": "chaps.pair", "pk": 12, "fields": {"chap": 28, "textL": "TextL ljdflödf lsdjf öljdsfö lösadf löjsdf ölkjasdölf jölasdjf ölajsd följas öldfj löasdjf löasjd fl", "textR": "TEXT_R", "status": 0}}, {"model": "chaps.pair", "pk": 13, "fields": {"chap": 28, "textL": "TEXT_L allgemein", "textR": "Text_R Verdauung", "status": 0}}, {"model": "chaps.pair", "pk": 23, "fields": {"chap": 4, "textL": "Ja", "textR": "Nein", "status": 0}}, {"model": "chaps.pair", "pk": 24, "fields": {"chap": 20, "textL": "linkaa", "textR": "rechta", "status": 1}}, {"model": "chaps.pair", "pk": 25, "fields": {"chap": 5, "textL": "Links", "textR": "Rechts", "status": 0}}, {"model": "chaps.pair", "pk": 29, "fields": {"chap": 4, "textL": "effff", "textR": "qew", "status": 0}}, {"model": "chaps.pair", "pk": 30, "fields": {"chap": 4, "textL": "gdsfg", "textR": "dfgdgf", "status": 0}}, {"model": "chaps.pair", "pk": 31, "fields": {"chap": 4, "textL": "sdf", "textR": "sldjf", "status": 0}}, {"model": "chaps.pair", "pk": 32, "fields": {"chap": 4, "textL": "dfg", "textR": "sdfg", "status": 0}}, {"model": "chaps.pair", "pk": 33, "fields": {"chap": 4, "textL": "sfd", "textR": "asfd", "status": 0}}, {"model": "chaps.pair", "pk": 34, "fields": {"chap": 8, "textL": "Llinks", "textR": "Rrechts", "status": 0}}, {"model": "chaps.pair", "pk": 35, "fields": {"chap": 8, "textL": "DGF", "textR": "SFD", "status": 0}}, {"model": "chaps.pair", "pk": 36, "fields": {"chap": 8, "textL": "SDF", "textR": "FHFH", "status": 0}}, {"model": "chaps.pair", "pk": 37, "fields": {"chap": 8, "textL": "SDF", "textR": "ASDF", "status": 0}}, {"model": "chaps.pair", "pk": 38, "fields": {"chap": 8, "textL": "aösdfl", "textR": "asöldf", "status": 0}}, {"model": "chaps.pair", "pk": 39, "fields": {"chap": 11, "textL": "schöner", "textR": "rechter", "status": 0}}, {"model": "chaps.pair", "pk": 40, "fields": {"chap": 11, "textL": "Linker", "textR": "Rechter", "status": 0}}, {"model": "chaps.pair", "pk": 41, "fields": {"chap": 4, "textL": "sdlflsdf", "textR": "alsdfsl", "status": 0}}, {"model": "chaps.pair", "pk": 151, "fields": {"chap": 47, "textL": "Begriff Stoffwechsel", "textR": "Vorgänge zur Energiegewinnung, Körpererhaltung", "status": 0}}, {"model": "chaps.pair", "pk": 152, "fields": {"chap": 47, "textL": "resorbieren", "textR": "aus dem Darm ins Blut aufnehmen", "status": 0}}, {"model": "chaps.pair", "pk": 153, "fields": {"chap": 47, "textL": "Eiweiße", "textR": "Proteine, bestehen aus Aminosäureketten", "status": 0}}, {"model": "chaps.pair", "pk": 154, "fields": {"chap": 47, "textL": "Bsp. für körpereigene Eiweiße", "textR": "Zellenzyme, Sekrete", "status": 0}}, {"model": "chaps.pair", "pk": 155, "fields": {"chap": 47, "textL": "nicht essenzielle Aminosäuren", "textR": "kann die Leber aus anderen Aminosäuren herstellen", "status": 0}}, {"model": "chaps.pair", "pk": 156, "fields": {"chap": 47, "textL": "Nukleotiden", "textR": "daraus werden Nukleinsäuren gebildet", "status": 0}}, {"model": "chaps.pair", "pk": 157, "fields": {"chap": 47, "textL": "Vorkommen von ungesättigten Fettsäuren", "textR": "v.a. in pflanzlichen Ölen", "status": 0}}, {"model": "chaps.pair", "pk": 158, "fields": {"chap": 47, "textL": "Aufgabe Fettzellen", "textR": "bauen Triglyzeride auf und speichern die Energie", "status": 0}}, {"model": "chaps.pair", "pk": 159, "fields": {"chap": 48, "textL": "Aufgabe von Cholesterin", "textR": "Baustein für Hormone und Gallensäuren", "status": 0}}, {"model": "chaps.pair", "pk": 160, "fields": {"chap": 48, "textL": "LDL", "textR": "low density lipoprotein, <160 mg/dl", "status": 0}}, {"model": "chaps.pair", "pk": 161, "fields": {"chap": 48, "textL": "steigendes LDL", "textR": "begünstigt Arteriosklerose", "status": 0}}, {"model": "chaps.pair", "pk": 162, "fields": {"chap": 48, "textL": "Arteriosklerose", "textR": "Fettablagerungen in den Arterien", "status": 0}}, {"model": "chaps.pair", "pk": 163, "fields": {"chap": 48, "textL": "Ausscheidung von Cholesterin", "textR": "von der Leber mit dem Gallensaft", "status": 0}}, {"model": "chaps.pair", "pk": 164, "fields": {"chap": 48, "textL": "Vitamine", "textR": "essenziell, mit Ausnahme von D und K", "status": 0}}, {"model": "chaps.pair", "pk": 165, "fields": {"chap": 48, "textL": "Vitamin K", "textR": "wird von den Colibakterien im Darm hergestellt", "status": 0}}, {"model": "chaps.pair", "pk": 166, "fields": {"chap": 48, "textL": "Vitamine E, D, K, A", "textR": "sind fettlöslich", "status": 0}}, {"model": "chaps.pair", "pk": 167, "fields": {"chap": 48, "textL": "Vitamine A und D", "textR": "kann der Körper speichern, Problem bei Überangebot", "status": 0}}, {"model": "chaps.pair", "pk": 168, "fields": {"chap": 48, "textL": "Kalzium und Magnesium", "textR": "geben Knochen und Zahnbein Festigkeit", "status": 0}}, {"model": "chaps.pair", "pk": 169, "fields": {"chap": 48, "textL": "Mineralstoffmangel zeigt sich", "textR": "z.B. durch Muskelkrämpfe", "status": 0}}, {"model": "chaps.pair", "pk": 170, "fields": {"chap": 49, "textL": "Bsp. für Spurenelemente", "textR": "Jodid, Fluorid, Eisen", "status": 0}}, {"model": "chaps.pair", "pk": 171, "fields": {"chap": 49, "textL": "Aufgabe Jodid", "textR": "Aufbau des Schilddrüsenhormons", "status": 0}}, {"model": "chaps.pair", "pk": 172, "fields": {"chap": 49, "textL": "Aufgabe Fluorid", "textR": "schützt den Zahnschmelz vor Säure", "status": 0}}, {"model": "chaps.pair", "pk": 173, "fields": {"chap": 49, "textL": "Aufgabe Eisen", "textR": "wird ins Hämoglobin eingebaut", "status": 0}}, {"model": "chaps.pair", "pk": 174, "fields": {"chap": 49, "textL": "Zellplasma", "textR": "Grundbestandteil einer Zelle, zähe Flüssigkeit", "status": 0}}, {"model": "chaps.pair", "pk": 175, "fields": {"chap": 49, "textL": "Blutplasma", "textR": "Blutflüssigkeit für den Transport der Blutzellen", "status": 0}}, {"model": "chaps.pair", "pk": 176, "fields": {"chap": 49, "textL": "Aufgabe Wasser", "textR": "Stoffe können aufgelöst und transportiert werden", "status": 0}}, {"model": "chaps.pair", "pk": 177, "fields": {"chap": 49, "textL": "Wassermangel führt zu", "textR": "Störungen des Blutkreislaufs", "status": 0}}, {"model": "chaps.pair", "pk": 178, "fields": {"chap": 49, "textL": "Wasserverlust durch", "textR": "Stuhl, Urin, Verdunstung", "status": 0}}, {"model": "chaps.pair", "pk": 179, "fields": {"chap": 49, "textL": "Wasseraufnahme durch", "textR": "Essen, Trinken, Nährstoffabbau", "status": 0}}, {"model": "chaps.pair", "pk": 180, "fields": {"chap": 49, "textL": "Bsp. für Ballaststoffe", "textR": "Zellulose, Pektin", "status": 0}}, {"model": "chaps.pair", "pk": 181, "fields": {"chap": 49, "textL": "Ballaststoffe", "textR": "können nicht resorbiert werden", "status": 0}}, {"model": "chaps.pair", "pk": 182, "fields": {"chap": 49, "textL": "regelmäßige Stuhlentleerung gilt als Schutz vor", "textR": "Darmkrebs", "status": 0}}, {"model": "chaps.pair", "pk": 183, "fields": {"chap": 50, "textL": "Co-Enzyme sind meistens", "textR": "Vitamine", "status": 0}}, {"model": "chaps.pair", "pk": 184, "fields": {"chap": 50, "textL": "Zellenzyme", "textR": "bleiben in den Zellen", "status": 0}}, {"model": "chaps.pair", "pk": 185, "fields": {"chap": 50, "textL": "Enzyme Gamma-GT, GOT vermehrt im Blut bei", "textR": "Leberentzündungen", "status": 0}}, {"model": "chaps.pair", "pk": 186, "fields": {"chap": 50, "textL": "Enzyme Troponin T, CK vermehrt im Blut bei", "textR": "Herzinfarkt, Zerfall von Herzmuskelzellen", "status": 0}}, {"model": "chaps.pair", "pk": 187, "fields": {"chap": 50, "textL": "Baustoffwechsel", "textR": "Aufbau von Nahrungsbausteinen", "status": 0}}, {"model": "chaps.pair", "pk": 188, "fields": {"chap": 50, "textL": "Betriebsstoffwechsel", "textR": "Abbau der Nahrungsbausteine", "status": 0}}, {"model": "chaps.pair", "pk": 189, "fields": {"chap": 50, "textL": "Der Abbau der Nahrungsbausteine findet satt.", "textR": "um Energie zu produzieren.", "status": 0}}, {"model": "chaps.pair", "pk": 190, "fields": {"chap": 50, "textL": "Verdauungsenzyme sind", "textR": "abbauende Enzyme im Verdauungskanal", "status": 0}}, {"model": "chaps.pair", "pk": 191, "fields": {"chap": 50, "textL": "Zellenzyme sind", "textR": "aufbauende oder abbauende Enzyme in der Zelle", "status": 0}}, {"model": "chaps.pair", "pk": 192, "fields": {"chap": 51, "textL": "Dentin, Zahnbein", "textR": "knochenähnliche Substanz in den Zähnen", "status": 2}}, {"model": "chaps.pair", "pk": 193, "fields": {"chap": 52, "textL": "Gelenke", "textR": "Verbindungsstellen zwischen Knochen", "status": 0}}, {"model": "chaps.pair", "pk": 194, "fields": {"chap": 52, "textL": "passiver Bewegungsapparat", "textR": "Skelett", "status": 0}}, {"model": "chaps.pair", "pk": 195, "fields": {"chap": 52, "textL": "aktiver Bewegungsapparat", "textR": "Skelettmuskulatur", "status": 0}}, {"model": "chaps.pair", "pk": 196, "fields": {"chap": 52, "textL": "Organsystem Bewegungsapparat", "textR": "aktiver und passiver Bewegungsapparat", "status": 0}}, {"model": "chaps.pair", "pk": 197, "fields": {"chap": 52, "textL": "Organsysteme", "textR": "werden von zusammenarbeitenden Organen gebildet", "status": 0}}, {"model": "chaps.pair", "pk": 198, "fields": {"chap": 52, "textL": "Gewebe", "textR": "Bausteine der Organe, vier Hauptgruppen", "status": 0}}, {"model": "chaps.pair", "pk": 199, "fields": {"chap": 52, "textL": "Binde- und Stützgewebe", "textR": "daraus sind die Knochen und Gelenke aufgebaut", "status": 0}}, {"model": "chaps.pair", "pk": 200, "fields": {"chap": 52, "textL": "weitere Gewebegruppen", "textR": "Epithel- und Nervengewebe", "status": 0}}, {"model": "chaps.pair", "pk": 201, "fields": {"chap": 52, "textL": "Fibroblasten", "textR": "faserbildende Zellen", "status": 0}}, {"model": "chaps.pair", "pk": 202, "fields": {"chap": 52, "textL": "Lipozyten", "textR": "Fettzellen", "status": 0}}, {"model": "chaps.pair", "pk": 203, "fields": {"chap": 52, "textL": "Chondrozyten", "textR": "Knorpelzellen", "status": 0}}, {"model": "chaps.pair", "pk": 204, "fields": {"chap": 52, "textL": "Osteozyten", "textR": "Knochenzellen", "status": 0}}, {"model": "chaps.pair", "pk": 205, "fields": {"chap": 52, "textL": "Zellen des Immunsystems sind...", "textR": "ins Binde- und Stützgewebe eingebettet", "status": 0}}, {"model": "chaps.pair", "pk": 206, "fields": {"chap": 52, "textL": "Faserarten", "textR": "kollagene, elastische und retikuläre Fasern", "status": 0}}, {"model": "chaps.pair", "pk": 207, "fields": {"chap": 52, "textL": "kollagene Fasern", "textR": "liegen gebündelt, zugfest", "status": 0}}, {"model": "chaps.pair", "pk": 208, "fields": {"chap": 52, "textL": "retikuläre Fasern", "textR": "vernetzt, bilden schwammartiges Stützgerüst", "status": 0}}, {"model": "chaps.pair", "pk": 209, "fields": {"chap": 53, "textL": "retikuläres Bindegewebe ist Bestandteil der", "textR": "lymphatischen Organe und des Knochenmarks", "status": 0}}, {"model": "chaps.pair", "pk": 210, "fields": {"chap": 53, "textL": "Energiereserve", "textR": "gespeichertes Fett, Speicherfett", "status": 0}}, {"model": "chaps.pair", "pk": 211, "fields": {"chap": 53, "textL": "Baufett", "textR": "hüllt als Füll- und Polstergewebe die Organe ein", "status": 0}}, {"model": "chaps.pair", "pk": 212, "fields": {"chap": 53, "textL": "Unterhaut", "textR": "Subcutis", "status": 0}}, {"model": "chaps.pair", "pk": 213, "fields": {"chap": 53, "textL": "können im Fettgewebe gebildet werden", "textR": "Östrogene", "status": 0}}, {"model": "chaps.pair", "pk": 214, "fields": {"chap": 53, "textL": "Östrogene", "textR": "weibliche Geschlechtshormone", "status": 0}}, {"model": "chaps.pair", "pk": 215, "fields": {"chap": 54, "textL": "Chondroblasten", "textR": "teilungsfähige Vorläuferzellen der Chondrozyten", "status": 0}}, {"model": "chaps.pair", "pk": 216, "fields": {"chap": 54, "textL": "Knorpelgewebe enthält keine Blutgefäße", "textR": "wird von umgebenden Geweben versorgt", "status": 0}}, {"model": "chaps.pair", "pk": 217, "fields": {"chap": 54, "textL": "am häufigsten vorkommende Knorpel", "textR": "hyaline Knorpel", "status": 0}}, {"model": "chaps.pair", "pk": 218, "fields": {"chap": 54, "textL": "Aufgabe hyaliner Knorpel", "textR": "überzieht die Gelenkflächen", "status": 0}}, {"model": "chaps.pair", "pk": 219, "fields": {"chap": 54, "textL": "der Faserknorpel besteht aus", "textR": "stark faserhaltigem und straffem Knorpelgewebe", "status": 0}}, {"model": "chaps.pair", "pk": 220, "fields": {"chap": 54, "textL": "elastischer Knorpel", "textR": "Ohrmuschel, Kehlkopfdeckel", "status": 0}}, {"model": "chaps.pair", "pk": 221, "fields": {"chap": 54, "textL": "Knochengewebe", "textR": "sehr hart, Stützfunktion", "status": 0}}, {"model": "chaps.pair", "pk": 222, "fields": {"chap": 54, "textL": "Knochenmineralien bestehen v.a. aus", "textR": "Kalzium, Phosphat, Magnesium", "status": 0}}, {"model": "chaps.pair", "pk": 223, "fields": {"chap": 54, "textL": "Knochenmineralien", "textR": "geben Festigkeit, lassen Druck aushalten", "status": 0}}, {"model": "chaps.pair", "pk": 224, "fields": {"chap": 54, "textL": "Fasern im Knochengewebe", "textR": "halten Zugkräfte von Biegung und Drehung aus", "status": 0}}, {"model": "chaps.pair", "pk": 225, "fields": {"chap": 54, "textL": "Osteozyt", "textR": "fest in der Knochenmatrix, teilt sich nicht mehr", "status": 0}}, {"model": "chaps.pair", "pk": 226, "fields": {"chap": 54, "textL": "Knochenzelle", "textR": "Osteozyt", "status": 0}}, {"model": "chaps.pair", "pk": 227, "fields": {"chap": 55, "textL": "Zytoplasmaausläufer", "textR": "verlaufen in den Knochenkanälchen", "status": 0}}, {"model": "chaps.pair", "pk": 228, "fields": {"chap": 55, "textL": "Knochengewebe wird ständig", "textR": "umgebaut, Form und Belastung neu angepasst", "status": 0}}, {"model": "chaps.pair", "pk": 229, "fields": {"chap": 55, "textL": "Umbau des Knochengewebs durch", "textR": "Osteoblasten und Osteoklasten", "status": 0}}, {"model": "chaps.pair", "pk": 230, "fields": {"chap": 55, "textL": "Osteoblasten", "textR": "noch teilungsfähige knochenaufbauende Zellen", "status": 0}}, {"model": "chaps.pair", "pk": 231, "fields": {"chap": 55, "textL": "Osteoklasten", "textR": "knochenabbauende Zellen", "status": 0}}, {"model": "chaps.pair", "pk": 232, "fields": {"chap": 55, "textL": "Knochenzellen sind besonders aktiv im", "textR": "Wachstum, bei Heilung von Knochenverletzungen", "status": 0}}, {"model": "chaps.pair", "pk": 233, "fields": {"chap": 55, "textL": "Knochenschaft", "textR": "Diaphyse", "status": 0}}, {"model": "chaps.pair", "pk": 234, "fields": {"chap": 55, "textL": "Knochenenden", "textR": "Epiphysen", "status": 0}}, {"model": "chaps.pair", "pk": 235, "fields": {"chap": 55, "textL": "Längenwachstumszone", "textR": "Epiphysenfuge oder Metaphyse", "status": 0}}, {"model": "chaps.pair", "pk": 236, "fields": {"chap": 55, "textL": "Metaphyse besteht beim Kind aus", "textR": "Knorpel", "status": 0}}, {"model": "chaps.pair", "pk": 237, "fields": {"chap": 55, "textL": "nach der Pubertät verknöchert die Metaphyse", "textR": "Längenwachstum ist beendet", "status": 0}}, {"model": "chaps.pair", "pk": 238, "fields": {"chap": 55, "textL": "Knochen bis aus die Gelenkflächen mit", "textR": "faser- und gefäßreichen Knochenhaut bedeckt", "status": 0}}, {"model": "chaps.pair", "pk": 239, "fields": {"chap": 55, "textL": "Knochenhaut", "textR": "Periost", "status": 0}}, {"model": "chaps.pair", "pk": 240, "fields": {"chap": 55, "textL": "harte Rindenschicht, äußere Knochenschicht", "textR": "Kortikalis", "status": 0}}, {"model": "chaps.pair", "pk": 241, "fields": {"chap": 55, "textL": "Kortikalis wird im Schaftbereich", "textR": "Kompakta genannt", "status": 0}}, {"model": "chaps.pair", "pk": 242, "fields": {"chap": 55, "textL": "Knochenplättchen", "textR": "Knochenlamellen", "status": 0}}, {"model": "chaps.pair", "pk": 243, "fields": {"chap": 56, "textL": "Säulenknochen sorgt für", "textR": "Biegfestigkeit", "status": 0}}, {"model": "chaps.pair", "pk": 244, "fields": {"chap": 56, "textL": "hin zur Knochenmitte kommt nach dem Säulenknochen", "textR": "die Spongiosa", "status": 0}}, {"model": "chaps.pair", "pk": 245, "fields": {"chap": 56, "textL": "Spongiosa", "textR": "schwammartige Knochenschicht", "status": 0}}, {"model": "chaps.pair", "pk": 246, "fields": {"chap": 56, "textL": "hohe Tragkraft der Knochenbälkchen wird durch den", "textR": "bogenförmigen Verlauf erreicht", "status": 0}}, {"model": "chaps.pair", "pk": 247, "fields": {"chap": 56, "textL": "platte und würfelförmige Knochen", "textR": "sind mit Spongiosa ausgefüllt", "status": 0}}, {"model": "chaps.pair", "pk": 248, "fields": {"chap": 56, "textL": "Röhrenknochen haben im Schaftinneren", "textR": "eine Markhöhle", "status": 0}}, {"model": "chaps.pair", "pk": 249, "fields": {"chap": 56, "textL": "Hohlräume der Spongiosa sind mit", "textR": "rotem Knochenmark zur Blutzellenbildung ausgefüllt", "status": 0}}, {"model": "chaps.pair", "pk": 250, "fields": {"chap": 56, "textL": "beim Kind sind auch die Markhöhlen", "textR": "mit rotem Knochenmark gefüllt", "status": 0}}, {"model": "chaps.pair", "pk": 251, "fields": {"chap": 56, "textL": "gelbes Fettmark", "textR": "bildet keine Blutzellen", "status": 0}}, {"model": "chaps.pair", "pk": 252, "fields": {"chap": 56, "textL": "Neugeboren haben mit Ausnahme des Schädelknochens", "textR": "zunächst aus Knorpelgewebe vorgebildete Knochen", "status": 0}}, {"model": "chaps.pair", "pk": 253, "fields": {"chap": 56, "textL": "Calcium-Einbau in den Knochen wird gefördert durch", "textR": "Vitamin-D-Hormone", "status": 0}}, {"model": "chaps.pair", "pk": 254, "fields": {"chap": 56, "textL": "Anatomie", "textR": "Aufbau", "status": 0}}, {"model": "chaps.pair", "pk": 255, "fields": {"chap": 56, "textL": "Funktionsweise", "textR": "Physiologie", "status": 0}}, {"model": "chaps.pair", "pk": 256, "fields": {"chap": 56, "textL": "krankhafte Veränderungen", "textR": "Pathologie", "status": 0}}, {"model": "chaps.call", "pk": 1, "fields": {"textAnswered": "sdf", "pairAskedID": 192, "callType": 1}}]